X3D Architecture version 4.0;X3D Players and Tools Coverage; updated ;21 Januar 2023;https://www.web3d.org/specifications/X3dNodeInventoryComparison.xlsx ;;;;;;;;;;;;;;;;;;;;;;;;;;;;;;;;;;;;;;;;;;;;;;;;;;;;;;;;;;;;;;;;;;;;;;;;;;;;;;;;;;;;;;;;;;;;;;;
Node and Statement  Support;;;;https://www.web3d.org/specifications/X3dNodeInventoryComparison.pdf  ;;;;;;;;;;;;;;;;;;;;;;;;;;;;;;;;;;;;;;;;;;;;;;;;;;;;;;;;;;;;;;;;;;;;;;;;;;;;;;;;;;;;;;;;;;;;;;;
;X_ITE Player v8.4.4;FreeWRL v5.1;view3dscene (Castle Game Engine) v6.4;X3DOM Player v1.8.1;InstantPlayer;Xj3D Player 2.1;X3D-Edit Authoring Tool 4.0;;;;;;;;;;;;;;;;;;;;;;;;;;;;;;;;;;;;;;;;;;;;;;;;;;;;;;;;;;;;;;;;;;;;;;;;;;;;;;;;;;;;;;;;;;;;
;Supported Nodes;Conformance;Standard X3D Nodes;Nodes Index;Node types;Xj3D viewer: NPS source;X3D-Edit home;;;;;;;;;;;;;;;;;;;;;;;;;;;;;;;;;;;;;;;;;;;;;;;;;;;;;;;;;;;;;;;;;;;;;;;;;;;;;;;;;;;;;;;;;;;;
AcousticProperties;;;;;;;AcousticProperties;;;;;;;;;;;;;;;;;;;;;;;;;;;;;;;;;;;;;;;;;;;;;;;;;;;;;;;;;;;;;;;;;;;;;;;;;;;;;;;;;;;;;;;;;;;;
Analyser;;;;;;;;;;;;;;;;;;;;;;;;;;;;;;;;;;;;;;;;;;;;;;;;;;;;;;;;;;;;;;;;;;;;;;;;;;;;;;;;;;;;;;;;;;;;;;;;;;;
Anchor;Anchor;Anchor;Anchor;Anchor;Anchor;Anchor;Anchor;;;;;;;;;;;;;;;;;;;;;;;;;;;;;;;;;;;;;;;;;;;;;;;;;;;;;;;;;;;;;;;;;;;;;;;;;;;;;;;;;;;;;;;;;;;;
Appearance;Appearance;Appearance;Appearance;Appearance;Appearance;Appearance;Appearance;;;;;;;;;;;;;;;;;;;;;;;;;;;;;;;;;;;;;;;;;;;;;;;;;;;;;;;;;;;;;;;;;;;;;;;;;;;;;;;;;;;;;;;;;;;;
Arc2D;Arc2D;Arc2D;;Arc2D;Arc2D;Arc2D;Arc2D;;;;;;;;;;;;;;;;;;;;;;;;;;;;;;;;;;;;;;;;;;;;;;;;;;;;;;;;;;;;;;;;;;;;;;;;;;;;;;;;;;;;;;;;;;;;
ArcClose2D;ArcClose2D;ArcClose2D;;ArcClose2D;ArcClose2D;;ArcClose2D;;;;;;;;;;;;;;;;;;;;;;;;;;;;;;;;;;;;;;;;;;;;;;;;;;;;;;;;;;;;;;;;;;;;;;;;;;;;;;;;;;;;;;;;;;;;
AudioClip;AudioClip;AudioClip;AudioClip;AudioClip;AudioClip;AudioClip;AudioClip;;;;;;;;;;;;;;;;;;;;;;;;;;;;;;;;;;;;;;;;;;;;;;;;;;;;;;;;;;;;;;;;;;;;;;;;;;;;;;;;;;;;;;;;;;;;
AudioDestination;;;;;;;;;;;;;;;;;;;;;;;;;;;;;;;;;;;;;;;;;;;;;;;;;;;;;;;;;;;;;;;;;;;;;;;;;;;;;;;;;;;;;;;;;;;;;;;;;;;
Background;Background;Background;Background;Background;Background;Background;Background;;;;;;;;;;;;;;;;;;;;;;;;;;;;;;;;;;;;;;;;;;;;;;;;;;;;;;;;;;;;;;;;;;;;;;;;;;;;;;;;;;;;;;;;;;;;
BallJoint;BallJoint;BallJoint;;BallJoint;;BallJoint;BallJoint;;;;;;;;;;;;;;;;;;;;;;;;;;;;;;;;;;;;;;;;;;;;;;;;;;;;;;;;;;;;;;;;;;;;;;;;;;;;;;;;;;;;;;;;;;;;
Billboard;Billboard;Billboard;Billboard;Billboard;Billboard;Billboard;Billboard;;;;;;;;;;;;;;;;;;;;;;;;;;;;;;;;;;;;;;;;;;;;;;;;;;;;;;;;;;;;;;;;;;;;;;;;;;;;;;;;;;;;;;;;;;;;
BiquadFilter;;;;;;;;;;;;;;;;;;;;;;;;;;;;;;;;;;;;;;;;;;;;;;;;;;;;;;;;;;;;;;;;;;;;;;;;;;;;;;;;;;;;;;;;;;;;;;;;;;;
BlendedVolumeStyle;BlendedVolumeStyle;BlendedVolumeStyle;;BlendedVolumeStyle;;;BlendedVolumeStyle;;;;;;;;;;;;;;;;;;;;;;;;;;;;;;;;;;;;;;;;;;;;;;;;;;;;;;;;;;;;;;;;;;;;;;;;;;;;;;;;;;;;;;;;;;;;
BooleanFilter;BooleanFilter;BooleanFilter;BooleanFilter;BooleanFilter;BooleanFilter;BooleanFilter;BooleanFilter;;;;;;;;;;;;;;;;;;;;;;;;;;;;;;;;;;;;;;;;;;;;;;;;;;;;;;;;;;;;;;;;;;;;;;;;;;;;;;;;;;;;;;;;;;;;
BooleanSequencer;BooleanSequencer;BooleanSequencer;BooleanSequencer;BooleanSequencer;BooleanSequencer;BooleanSequencer;BooleanSequencer;;;;;;;;;;;;;;;;;;;;;;;;;;;;;;;;;;;;;;;;;;;;;;;;;;;;;;;;;;;;;;;;;;;;;;;;;;;;;;;;;;;;;;;;;;;;
BooleanToggle;BooleanToggle;BooleanToggle;BooleanToggle;BooleanToggle;BooleanToggle;BooleanToggle;BooleanToggle;;;;;;;;;;;;;;;;;;;;;;;;;;;;;;;;;;;;;;;;;;;;;;;;;;;;;;;;;;;;;;;;;;;;;;;;;;;;;;;;;;;;;;;;;;;;
BooleanTrigger;BooleanTrigger;BooleanTrigger;BooleanTrigger;BooleanTrigger;BooleanTrigger;BooleanTrigger;BooleanTrigger;;;;;;;;;;;;;;;;;;;;;;;;;;;;;;;;;;;;;;;;;;;;;;;;;;;;;;;;;;;;;;;;;;;;;;;;;;;;;;;;;;;;;;;;;;;;
BoundaryEnhancementVolumeStyle;BoundaryEnhancementVolumeStyle;BoundaryEnhancementVolumeStyle;;BoundaryEnhancementVolumeStyle;;;BoundaryEnhancementVolumeStyle;;;;;;;;;;;;;;;;;;;;;;;;;;;;;;;;;;;;;;;;;;;;;;;;;;;;;;;;;;;;;;;;;;;;;;;;;;;;;;;;;;;;;;;;;;;;
BoundedPhysicsModel;BoundedPhysicsModel;BoundedPhysicsModel;;;;;;;;;;;;;;;;;;;;;;;;;;;;;;;;;;;;;;;;;;;;;;;;;;;;;;;;;;;;;;;;;;;;;;;;;;;;;;;;;;;;;;;;;;;;;;;;;
Box;Box;Box;Box;Box;Box;Box;Box;;;;;;;;;;;;;;;;;;;;;;;;;;;;;;;;;;;;;;;;;;;;;;;;;;;;;;;;;;;;;;;;;;;;;;;;;;;;;;;;;;;;;;;;;;;;
BufferAudioSource;;;;;;;;;;;;;;;;;;;;;;;;;;;;;;;;;;;;;;;;;;;;;;;;;;;;;;;;;;;;;;;;;;;;;;;;;;;;;;;;;;;;;;;;;;;;;;;;;;;
CADAssembly;CADAssembly;CADAssembly;CADAssembly;CADAssembly;CADAssembly;CADAssembly;CADAssembly;;;;;;;;;;;;;;;;;;;;;;;;;;;;;;;;;;;;;;;;;;;;;;;;;;;;;;;;;;;;;;;;;;;;;;;;;;;;;;;;;;;;;;;;;;;;
CADFace;CADFace;CADFace;CADFace;CADFace;CADFace;CADFace;CADFace;;;;;;;;;;;;;;;;;;;;;;;;;;;;;;;;;;;;;;;;;;;;;;;;;;;;;;;;;;;;;;;;;;;;;;;;;;;;;;;;;;;;;;;;;;;;
CADLayer;CADLayer;CADLayer;CADLayer;CADLayer;CADLayer;CADLayer;CADLayer;;;;;;;;;;;;;;;;;;;;;;;;;;;;;;;;;;;;;;;;;;;;;;;;;;;;;;;;;;;;;;;;;;;;;;;;;;;;;;;;;;;;;;;;;;;;
CADPart;CADPart;CADPart;CADPart;CADPart;CADPart;CADPart;CADPart;;;;;;;;;;;;;;;;;;;;;;;;;;;;;;;;;;;;;;;;;;;;;;;;;;;;;;;;;;;;;;;;;;;;;;;;;;;;;;;;;;;;;;;;;;;;
CartoonVolumeStyle;CartoonVolumeStyle;CartoonVolumeStyle;;CartoonVolumeStyle;;;CartoonVolumeStyle;;;;;;;;;;;;;;;;;;;;;;;;;;;;;;;;;;;;;;;;;;;;;;;;;;;;;;;;;;;;;;;;;;;;;;;;;;;;;;;;;;;;;;;;;;;;
ChannelMerger;;;;;;;;;;;;;;;;;;;;;;;;;;;;;;;;;;;;;;;;;;;;;;;;;;;;;;;;;;;;;;;;;;;;;;;;;;;;;;;;;;;;;;;;;;;;;;;;;;;
ChannelSelector;;;;;;;;;;;;;;;;;;;;;;;;;;;;;;;;;;;;;;;;;;;;;;;;;;;;;;;;;;;;;;;;;;;;;;;;;;;;;;;;;;;;;;;;;;;;;;;;;;;
ChannelSplitter;;;;;;;;;;;;;;;;;;;;;;;;;;;;;;;;;;;;;;;;;;;;;;;;;;;;;;;;;;;;;;;;;;;;;;;;;;;;;;;;;;;;;;;;;;;;;;;;;;;
Circle2D;Circle2D;Circle2D;Circle2D;Circle2D;Circle2D;;Circle2D;;;;;;;;;;;;;;;;;;;;;;;;;;;;;;;;;;;;;;;;;;;;;;;;;;;;;;;;;;;;;;;;;;;;;;;;;;;;;;;;;;;;;;;;;;;;
ClipPlane;ClipPlane;ClipPlane;ClipPlane;ClipPlane;ClipPlane;ClipPlane;ClipPlane;;;;;;;;;;;;;;;;;;;;;;;;;;;;;;;;;;;;;;;;;;;;;;;;;;;;;;;;;;;;;;;;;;;;;;;;;;;;;;;;;;;;;;;;;;;;
CollidableOffset;CollidableOffset;CollidableOffset;;;;CollidableOffset;CollidableOffset;;;;;;;;;;;;;;;;;;;;;;;;;;;;;;;;;;;;;;;;;;;;;;;;;;;;;;;;;;;;;;;;;;;;;;;;;;;;;;;;;;;;;;;;;;;;
CollidableShape;CollidableShape;CollidableShape;;CollidableShape;;CollidableShape;CollidableShape;;;;;;;;;;;;;;;;;;;;;;;;;;;;;;;;;;;;;;;;;;;;;;;;;;;;;;;;;;;;;;;;;;;;;;;;;;;;;;;;;;;;;;;;;;;;
Collision;Collision;Collision;Collision;Collision;Collision;Collision;Collision;;;;;;;;;;;;;;;;;;;;;;;;;;;;;;;;;;;;;;;;;;;;;;;;;;;;;;;;;;;;;;;;;;;;;;;;;;;;;;;;;;;;;;;;;;;;
CollisionCollection;CollisionCollection;CollisionCollection;;CollisionCollection;;CollisionCollection;CollisionCollection;;;;;;;;;;;;;;;;;;;;;;;;;;;;;;;;;;;;;;;;;;;;;;;;;;;;;;;;;;;;;;;;;;;;;;;;;;;;;;;;;;;;;;;;;;;;
CollisionSensor;CollisionSensor;CollisionSensor;;CollisionSensor;;CollisionSensor;CollisionSensor;;;;;;;;;;;;;;;;;;;;;;;;;;;;;;;;;;;;;;;;;;;;;;;;;;;;;;;;;;;;;;;;;;;;;;;;;;;;;;;;;;;;;;;;;;;;
CollisionSpace;CollisionSpace;CollisionSpace;;;;CollisionSpace;CollisionSpace;;;;;;;;;;;;;;;;;;;;;;;;;;;;;;;;;;;;;;;;;;;;;;;;;;;;;;;;;;;;;;;;;;;;;;;;;;;;;;;;;;;;;;;;;;;;
Color;Color;Color;Color;Color;Color;Color;Color;;;;;;;;;;;;;;;;;;;;;;;;;;;;;;;;;;;;;;;;;;;;;;;;;;;;;;;;;;;;;;;;;;;;;;;;;;;;;;;;;;;;;;;;;;;;
ColorChaser;ColorChaser;ColorChaser;;ColorChaser;ColorChaser;;ColorChaser;;;;;;;;;;;;;;;;;;;;;;;;;;;;;;;;;;;;;;;;;;;;;;;;;;;;;;;;;;;;;;;;;;;;;;;;;;;;;;;;;;;;;;;;;;;;
ColorDamper;ColorDamper;ColorDamper;;ColorDamper;ColorDamper;;ColorDamper;;;;;;;;;;;;;;;;;;;;;;;;;;;;;;;;;;;;;;;;;;;;;;;;;;;;;;;;;;;;;;;;;;;;;;;;;;;;;;;;;;;;;;;;;;;;
ColorInterpolator;ColorInterpolator;ColorInterpolator;ColorInterpolator;ColorInterpolator;ColorInterpolator;ColorInterpolator;ColorInterpolator;;;;;;;;;;;;;;;;;;;;;;;;;;;;;;;;;;;;;;;;;;;;;;;;;;;;;;;;;;;;;;;;;;;;;;;;;;;;;;;;;;;;;;;;;;;;
ColorRGBA;ColorRGBA;ColorRGBA;ColorRGBA;ColorRGBA;ColorRGBA;ColorRGBA;ColorRGBA;;;;;;;;;;;;;;;;;;;;;;;;;;;;;;;;;;;;;;;;;;;;;;;;;;;;;;;;;;;;;;;;;;;;;;;;;;;;;;;;;;;;;;;;;;;;
component;component;component;component;component;component;component;component;;;;;;;;;;;;;;;;;;;;;;;;;;;;;;;;;;;;;;;;;;;;;;;;;;;;;;;;;;;;;;;;;;;;;;;;;;;;;;;;;;;;;;;;;;;;
ComposedCubeMapTexture;ComposedCubeMapTexture;ComposedCubeMapTexture;ComposedCubeMapTexture;ComposedCubeMapTexture;ComposedCubeMapTexture;;ComposedCubeMapTexture;;;;;;;;;;;;;;;;;;;;;;;;;;;;;;;;;;;;;;;;;;;;;;;;;;;;;;;;;;;;;;;;;;;;;;;;;;;;;;;;;;;;;;;;;;;;
ComposedShader;ComposedShader;ComposedShader;ComposedShader;ComposedShader;ComposedShader;;ComposedShader;;;;;;;;;;;;;;;;;;;;;;;;;;;;;;;;;;;;;;;;;;;;;;;;;;;;;;;;;;;;;;;;;;;;;;;;;;;;;;;;;;;;;;;;;;;;
ComposedTexture3D;ComposedTexture3D;ComposedTexture3D;ComposedTexture3D;ComposedTexture3D;ComposedTexture3D;ComposedTexture3D;ComposedTexture3D;;;;;;;;;;;;;;;;;;;;;;;;;;;;;;;;;;;;;;;;;;;;;;;;;;;;;;;;;;;;;;;;;;;;;;;;;;;;;;;;;;;;;;;;;;;;
ComposedVolumeStyle;ComposedVolumeStyle;ComposedVolumeStyle;;ComposedVolumeStyle;;;ComposedVolumeStyle;;;;;;;;;;;;;;;;;;;;;;;;;;;;;;;;;;;;;;;;;;;;;;;;;;;;;;;;;;;;;;;;;;;;;;;;;;;;;;;;;;;;;;;;;;;;
Cone;Cone;Cone;Cone;Cone;Cone;Cone;Cone;;;;;;;;;;;;;;;;;;;;;;;;;;;;;;;;;;;;;;;;;;;;;;;;;;;;;;;;;;;;;;;;;;;;;;;;;;;;;;;;;;;;;;;;;;;;
ConeEmitter;ConeEmitter;ConeEmitter;;;;;;;;;;;;;;;;;;;;;;;;;;;;;;;;;;;;;;;;;;;;;;;;;;;;;;;;;;;;;;;;;;;;;;;;;;;;;;;;;;;;;;;;;;;;;;;;;
connect;connect;connect;connect;* required for X3D Immersive Profile;connect;connect;connect;;;;;;;;;;;;;;;;;;;;;;;;;;;;;;;;;;;;;;;;;;;;;;;;;;;;;;;;;;;;;;;;;;;;;;;;;;;;;;;;;;;;;;;;;;;;
Contact;Contact;Contact;;;;Contact;Contact;;;;;;;;;;;;;;;;;;;;;;;;;;;;;;;;;;;;;;;;;;;;;;;;;;;;;;;;;;;;;;;;;;;;;;;;;;;;;;;;;;;;;;;;;;;;
Contour2D;;Contour2D;;Contour2D;Contour2D;Contour2D;Contour2D;;;;;;;;;;;;;;;;;;;;;;;;;;;;;;;;;;;;;;;;;;;;;;;;;;;;;;;;;;;;;;;;;;;;;;;;;;;;;;;;;;;;;;;;;;;;
ContourPolyline2D;ContourPolyline2D;ContourPolyline2D;;ContourPolyline2D;ContourPolyline2D;ContourPolyline2D;ContourPolyline2D;;;;;;;;;;;;;;;;;;;;;;;;;;;;;;;;;;;;;;;;;;;;;;;;;;;;;;;;;;;;;;;;;;;;;;;;;;;;;;;;;;;;;;;;;;;;
Convolver;;;;;;;;;;;;;;;;;;;;;;;;;;;;;;;;;;;;;;;;;;;;;;;;;;;;;;;;;;;;;;;;;;;;;;;;;;;;;;;;;;;;;;;;;;;;;;;;;;;
Coordinate;Coordinate;Coordinate;Coordinate;Coordinate;Coordinate;Coordinate;Coordinate;;;;;;;;;;;;;;;;;;;;;;;;;;;;;;;;;;;;;;;;;;;;;;;;;;;;;;;;;;;;;;;;;;;;;;;;;;;;;;;;;;;;;;;;;;;;
CoordinateChaser;CoordinateChaser;CoordinateChaser;;;CoordinateChaser;;;;;;;;;;;;;;;;;;;;;;;;;;;;;;;;;;;;;;;;;;;;;;;;;;;;;;;;;;;;;;;;;;;;;;;;;;;;;;;;;;;;;;;;;;;;;;
CoordinateDamper;CoordinateDamper;CoordinateDamper;;CoordinateDamper;CoordinateDamper;;CoordinateDamper;;;;;;;;;;;;;;;;;;;;;;;;;;;;;;;;;;;;;;;;;;;;;;;;;;;;;;;;;;;;;;;;;;;;;;;;;;;;;;;;;;;;;;;;;;;;
CoordinateDouble;CoordinateDouble;CoordinateDouble;* missing, suggested for HTML5;CoordinateDouble;CoordinateDouble;* missing, suggested for HTML5;CoordinateDouble;;;;;;;;;;;;;;;;;;;;;;;;;;;;;;;;;;;;;;;;;;;;;;;;;;;;;;;;;;;;;;;;;;;;;;;;;;;;;;;;;;;;;;;;;;;;
CoordinateInterpolator;CoordinateInterpolator;CoordinateInterpolator;CoordinateInterpolator;CoordinateInterpolator;CoordinateInterpolator;CoordinateInterpolator;CoordinateInterpolator;;;;;;;;;;;;;;;;;;;;;;;;;;;;;;;;;;;;;;;;;;;;;;;;;;;;;;;;;;;;;;;;;;;;;;;;;;;;;;;;;;;;;;;;;;;;
CoordinateInterpolator2D;CoordinateInterpolator2D;CoordinateInterpolator2D;CoordinateInterpolator2D;* missing, suggested for HTML5;CoordinateInterpolator2D;CoordinateInterpolator2D;CoordinateInterpolator2D;;;;;;;;;;;;;;;;;;;;;;;;;;;;;;;;;;;;;;;;;;;;;;;;;;;;;;;;;;;;;;;;;;;;;;;;;;;;;;;;;;;;;;;;;;;;
Cylinder;Cylinder;Cylinder;Cylinder;Cylinder;Cylinder;Cylinder;Cylinder;;;;;;;;;;;;;;;;;;;;;;;;;;;;;;;;;;;;;;;;;;;;;;;;;;;;;;;;;;;;;;;;;;;;;;;;;;;;;;;;;;;;;;;;;;;;
CylinderSensor;CylinderSensor;CylinderSensor;CylinderSensor;CylinderSensor;CylinderSensor;CylinderSensor;CylinderSensor;;;;;;;;;;;;;;;;;;;;;;;;;;;;;;;;;;;;;;;;;;;;;;;;;;;;;;;;;;;;;;;;;;;;;;;;;;;;;;;;;;;;;;;;;;;;
Delay;;;;;;;;;;;;;;;;;;;;;;;;;;;;;;;;;;;;;;;;;;;;;;;;;;;;;;;;;;;;;;;;;;;;;;;;;;;;;;;;;;;;;;;;;;;;;;;;;;;
DirectionalLight;DirectionalLight;DirectionalLight;DirectionalLight;DirectionalLight;DirectionalLight;DirectionalLight;DirectionalLight;;;;;;;;;;;;;;;;;;;;;;;;;;;;;;;;;;;;;;;;;;;;;;;;;;;;;;;;;;;;;;;;;;;;;;;;;;;;;;;;;;;;;;;;;;;;
DISEntityManager;;;;;;DISEntityManager;DISEntityManager;;;;;;;;;;;;;;;;;;;;;;;;;;;;;;;;;;;;;;;;;;;;;;;;;;;;;;;;;;;;;;;;;;;;;;;;;;;;;;;;;;;;;;;;;;;;
DISEntityTypeMapping;;;;;;DISEntityTypeMapping;DISEntityTypeMapping;;;;;;;;;;;;;;;;;;;;;;;;;;;;;;;;;;;;;;;;;;;;;;;;;;;;;;;;;;;;;;;;;;;;;;;;;;;;;;;;;;;;;;;;;;;;
Disk2D;Disk2D;Disk2D;;Disk2D;Disk2D;Disk2D;Disk2D;;;;;;;;;;;;;;;;;;;;;;;;;;;;;;;;;;;;;;;;;;;;;;;;;;;;;;;;;;;;;;;;;;;;;;;;;;;;;;;;;;;;;;;;;;;;
DoubleAxisHingeJoint;DoubleAxisHingeJoint;DoubleAxisHingeJoint;;DoubleAxisHingeJoint;;DoubleAxisHingeJoint;DoubleAxisHingeJoint;;;;;;;;;;;;;;;;;;;;;;;;;;;;;;;;;;;;;;;;;;;;;;;;;;;;;;;;;;;;;;;;;;;;;;;;;;;;;;;;;;;;;;;;;;;;
DynamicsCompressor;;;;;;;;;;;;;;;;;;;;;;;;;;;;;;;;;;;;;;;;;;;;;;;;;;;;;;;;;;;;;;;;;;;;;;;;;;;;;;;;;;;;;;;;;;;;;;;;;;;
EaseInEaseOut;EaseInEaseOut;EaseInEaseOut;;;EaseInEaseOut;;;;;;;;;;;;;;;;;;;;;;;;;;;;;;;;;;;;;;;;;;;;;;;;;;;;;;;;;;;;;;;;;;;;;;;;;;;;;;;;;;;;;;;;;;;;;;
EdgeEnhancementVolumeStyle;EdgeEnhancementVolumeStyle;EdgeEnhancementVolumeStyle;;EdgeEnhancementVolumeStyle;;;EdgeEnhancementVolumeStyle;;;;;;;;;;;;;;;;;;;;;;;;;;;;;;;;;;;;;;;;;;;;;;;;;;;;;;;;;;;;;;;;;;;;;;;;;;;;;;;;;;;;;;;;;;;;
ElevationGrid;ElevationGrid;ElevationGrid;ElevationGrid;ElevationGrid;ElevationGrid;ElevationGrid;ElevationGrid;;;;;;;;;;;;;;;;;;;;;;;;;;;;;;;;;;;;;;;;;;;;;;;;;;;;;;;;;;;;;;;;;;;;;;;;;;;;;;;;;;;;;;;;;;;;
EspduTransform;;;;;;EspduTransform;EspduTransform;;;;;;;;;;;;;;;;;;;;;;;;;;;;;;;;;;;;;;;;;;;;;;;;;;;;;;;;;;;;;;;;;;;;;;;;;;;;;;;;;;;;;;;;;;;;
ExplosionEmitter;ExplosionEmitter;ExplosionEmitter;;;;ExplosionEmitter;3-Sept.-17;;;;;;;;;;;;;;;;;;;;;;;;;;;;;;;;;;;;;;;;;;;;;;;;;;;;;;;;;;;;;;;;;;;;;;;;;;;;;;;;;;;;;;;;;;;;
EXPORT;EXPORT;EXPORT;EXPORT;* required for X3D Immersive Profile;* required for X3D Immersive Profile;* required for X3D Immersive Profile;EXPORT;;;;;;;;;;;;;;;;;;;;;;;;;;;;;;;;;;;;;;;;;;;;;;;;;;;;;;;;;;;;;;;;;;;;;;;;;;;;;;;;;;;;;;;;;;;;
ExternProtoDeclare;ExternProtoDeclare;ExternProtoDeclare;ExternProtoDeclare;* required for X3D Immersive Profile;ExternProtoDeclare;ExternProtoDeclare;ExternProtoDeclare;;;;;;;;;;;;;;;;;;;;;;;;;;;;;;;;;;;;;;;;;;;;;;;;;;;;;;;;;;;;;;;;;;;;;;;;;;;;;;;;;;;;;;;;;;;;
Extrusion;Extrusion;Extrusion;Extrusion;Extrusion;Extrusion;Extrusion;Extrusion;;;;;;;;;;;;;;;;;;;;;;;;;;;;;;;;;;;;;;;;;;;;;;;;;;;;;;;;;;;;;;;;;;;;;;;;;;;;;;;;;;;;;;;;;;;;
field;field;field;field;field;field;field;field;;;;;;;;;;;;;;;;;;;;;;;;;;;;;;;;;;;;;;;;;;;;;;;;;;;;;;;;;;;;;;;;;;;;;;;;;;;;;;;;;;;;;;;;;;;;
fieldValue;fieldValue;fieldValue;fieldValue;* required for X3D Immersive Profile;fieldValue;fieldValue;fieldValue;;;;;;;;;;;;;;;;;;;;;;;;;;;;;;;;;;;;;;;;;;;;;;;;;;;;;;;;;;;;;;;;;;;;;;;;;;;;;;;;;;;;;;;;;;;;
FillProperties;FillProperties;FillProperties;* missing, suggested for HTML5;* missing, suggested for HTML5;FillProperties;* missing, suggested for HTML5;FillProperties;;;;;;;;;;;;;;;;;;;;;;;;;;;;;;;;;;;;;;;;;;;;;;;;;;;;;;;;;;;;;;;;;;;;;;;;;;;;;;;;;;;;;;;;;;;;
FloatVertexAttribute;FloatVertexAttribute;FloatVertexAttribute;FloatVertexAttribute;FloatVertexAttribute;FloatVertexAttribute;;FloatVertexAttribute;;;;;;;;;;;;;;;;;;;;;;;;;;;;;;;;;;;;;;;;;;;;;;;;;;;;;;;;;;;;;;;;;;;;;;;;;;;;;;;;;;;;;;;;;;;;
Fog;Fog;Fog;Fog;Fog;Fog;Fog;Fog;;;;;;;;;;;;;;;;;;;;;;;;;;;;;;;;;;;;;;;;;;;;;;;;;;;;;;;;;;;;;;;;;;;;;;;;;;;;;;;;;;;;;;;;;;;;
FogCoordinate;FogCoordinate;FogCoordinate;FogCoordinate;;FogCoordinate;FogCoordinate;;;;;;;;;;;;;;;;;;;;;;;;;;;;;;;;;;;;;;;;;;;;;;;;;;;;;;;;;;;;;;;;;;;;;;;;;;;;;;;;;;;;;;;;;;;;;
FontStyle;FontStyle;FontStyle;FontStyle;FontStyle;FontStyle;FontStyle;FontStyle;;;;;;;;;;;;;;;;;;;;;;;;;;;;;;;;;;;;;;;;;;;;;;;;;;;;;;;;;;;;;;;;;;;;;;;;;;;;;;;;;;;;;;;;;;;;
ForcePhysicsModel;ForcePhysicsModel;ForcePhysicsModel;;;;;;;;;;;;;;;;;;;;;;;;;;;;;;;;;;;;;;;;;;;;;;;;;;;;;;;;;;;;;;;;;;;;;;;;;;;;;;;;;;;;;;;;;;;;;;;;;
Gain;;;;;;;;;;;;;;;;;;;;;;;;;;;;;;;;;;;;;;;;;;;;;;;;;;;;;;;;;;;;;;;;;;;;;;;;;;;;;;;;;;;;;;;;;;;;;;;;;;;
GeneratedCubeMapTexture;GeneratedCubeMapTexture;GeneratedCubeMapTexture;GeneratedCubeMapTexture;GeneratedCubeMapTexture;GeneratedCubeMapTexture;;;;;;;;;;;;;;;;;;;;;;;;;;;;;;;;;;;;;;;;;;;;;;;;;;;;;;;;;;;;;;;;;;;;;;;;;;;;;;;;;;;;;;;;;;;;;;
GeoCoordinate;GeoCoordinate;GeoCoordinate;* missing, suggested for HTML5;GeoCoordinate;GeoCoordinate;GeoCoordinate;GeoCoordinate;;;;;;;;;;;;;;;;;;;;;;;;;;;;;;;;;;;;;;;;;;;;;;;;;;;;;;;;;;;;;;;;;;;;;;;;;;;;;;;;;;;;;;;;;;;;
GeoElevationGrid;GeoElevationGrid;GeoElevationGrid;* missing, suggested for HTML5;GeoElevationGrid;GeoElevationGrid;GeoElevationGrid;GeoElevationGrid;;;;;;;;;;;;;;;;;;;;;;;;;;;;;;;;;;;;;;;;;;;;;;;;;;;;;;;;;;;;;;;;;;;;;;;;;;;;;;;;;;;;;;;;;;;;
GeoLocation;GeoLocation;GeoLocation;* missing, suggested for HTML5;GeoLocation;GeoLocation;GeoLocation;GeoLocation;;;;;;;;;;;;;;;;;;;;;;;;;;;;;;;;;;;;;;;;;;;;;;;;;;;;;;;;;;;;;;;;;;;;;;;;;;;;;;;;;;;;;;;;;;;;
GeoLOD;GeoLOD;GeoLOD;* missing, suggested for HTML5;GeoLOD;GeoLOD;GeoLOD;GeoLOD;;;;;;;;;;;;;;;;;;;;;;;;;;;;;;;;;;;;;;;;;;;;;;;;;;;;;;;;;;;;;;;;;;;;;;;;;;;;;;;;;;;;;;;;;;;;
GeoMetadata;GeoMetadata;GeoMetadata;* missing, suggested for HTML5;GeoMetadata;GeoMetadata;GeoMetadata;GeoMetadata;;;;;;;;;;;;;;;;;;;;;;;;;;;;;;;;;;;;;;;;;;;;;;;;;;;;;;;;;;;;;;;;;;;;;;;;;;;;;;;;;;;;;;;;;;;;
GeoOrigin;GeoOrigin;GeoOrigin;* missing, suggested for HTML5;GeoOrigin;GeoOrigin;GeoOrigin;GeoOrigin;;;;;;;;;;;;;;;;;;;;;;;;;;;;;;;;;;;;;;;;;;;;;;;;;;;;;;;;;;;;;;;;;;;;;;;;;;;;;;;;;;;;;;;;;;;;
GeoPositionInterpolator;GeoPositionInterpolator;GeoPositionInterpolator;* missing, suggested for HTML5;GeoPositionInterpolator;GeoPositionInterpolator;GeoPositionInterpolator;GeoPositionInterpolator;;;;;;;;;;;;;;;;;;;;;;;;;;;;;;;;;;;;;;;;;;;;;;;;;;;;;;;;;;;;;;;;;;;;;;;;;;;;;;;;;;;;;;;;;;;;
GeoProximitySensor;GeoProximitySensor;GeoProximitySensor;* missing, suggested for HTML5;* missing, suggested for HTML5;GeoProximitySensor;* missing, suggested for HTML5;GeoProximitySensor;;;;;;;;;;;;;;;;;;;;;;;;;;;;;;;;;;;;;;;;;;;;;;;;;;;;;;;;;;;;;;;;;;;;;;;;;;;;;;;;;;;;;;;;;;;;
GeoTouchSensor;GeoTouchSensor;GeoTouchSensor;* missing, suggested for HTML5;* missing, suggested for HTML5;GeoTouchSensor;GeoTouchSensor;GeoTouchSensor;;;;;;;;;;;;;;;;;;;;;;;;;;;;;;;;;;;;;;;;;;;;;;;;;;;;;;;;;;;;;;;;;;;;;;;;;;;;;;;;;;;;;;;;;;;;
GeoTransform;GeoTransform;GeoTransform;* missing, suggested for HTML5;GeoTransform;GeoTransform;GeoTransform;GeoTransform;;;;;;;;;;;;;;;;;;;;;;;;;;;;;;;;;;;;;;;;;;;;;;;;;;;;;;;;;;;;;;;;;;;;;;;;;;;;;;;;;;;;;;;;;;;;
GeoViewpoint;GeoViewpoint;GeoViewpoint;* missing, suggested for HTML5;GeoViewpoint;GeoViewpoint;GeoViewpoint;GeoViewpoint;;;;;;;;;;;;;;;;;;;;;;;;;;;;;;;;;;;;;;;;;;;;;;;;;;;;;;;;;;;;;;;;;;;;;;;;;;;;;;;;;;;;;;;;;;;;
Group;Group;Group;Group;Group;Group;Group;Group;;;;;;;;;;;;;;;;;;;;;;;;;;;;;;;;;;;;;;;;;;;;;;;;;;;;;;;;;;;;;;;;;;;;;;;;;;;;;;;;;;;;;;;;;;;;
HAnimDisplacer;HAnimDisplacer;HAnimDisplacer;HAnimDisplacer;HAnimDisplacer;HAnimDisplacer;HAnimDisplacer;HAnimDisplacer;;;;;;;;;;;;;;;;;;;;;;;;;;;;;;;;;;;;;;;;;;;;;;;;;;;;;;;;;;;;;;;;;;;;;;;;;;;;;;;;;;;;;;;;;;;;
HAnimHumanoid;HAnimHumanoid;HAnimHumanoid;HAnimHumanoid;HAnimHumanoid;HAnimHumanoid;HAnimHumanoid;HAnimHumanoid;;;;;;;;;;;;;;;;;;;;;;;;;;;;;;;;;;;;;;;;;;;;;;;;;;;;;;;;;;;;;;;;;;;;;;;;;;;;;;;;;;;;;;;;;;;;
HAnimJoint;HAnimJoint;HAnimJoint;HAnimJoint;HAnimJoint;HAnimJoint;HAnimJoint;HAnimJoint;;;;;;;;;;;;;;;;;;;;;;;;;;;;;;;;;;;;;;;;;;;;;;;;;;;;;;;;;;;;;;;;;;;;;;;;;;;;;;;;;;;;;;;;;;;;
HAnimMotion;;HAnimMotion;;;;;HAnimMotion;;;;;;;;;;;;;;;;;;;;;;;;;;;;;;;;;;;;;;;;;;;;;;;;;;;;;;;;;;;;;;;;;;;;;;;;;;;;;;;;;;;;;;;;;;;;
HAnimSegment;HAnimSegment;HAnimSegment;HAnimSegment;HAnimSegment;HAnimSegment;HAnimSegment;HAnimSegment;;;;;;;;;;;;;;;;;;;;;;;;;;;;;;;;;;;;;;;;;;;;;;;;;;;;;;;;;;;;;;;;;;;;;;;;;;;;;;;;;;;;;;;;;;;;
HAnimSite;HAnimSite;HAnimSite;HAnimSite;HAnimSite;HAnimSite;HAnimSite;HAnimSite;;;;;;;;;;;;;;;;;;;;;;;;;;;;;;;;;;;;;;;;;;;;;;;;;;;;;;;;;;;;;;;;;;;;;;;;;;;;;;;;;;;;;;;;;;;;
head;head;head;head;head;head;head;head;;;;;;;;;;;;;;;;;;;;;;;;;;;;;;;;;;;;;;;;;;;;;;;;;;;;;;;;;;;;;;;;;;;;;;;;;;;;;;;;;;;;;;;;;;;;
ImageCubeMapTexture;ImageCubeMapTexture;ImageCubeMapTexture;ImageCubeMapTexture;;ImageCubeMapTexture;;;;;;;;;;;;;;;;;;;;;;;;;;;;;;;;;;;;;;;;;;;;;;;;;;;;;;;;;;;;;;;;;;;;;;;;;;;;;;;;;;;;;;;;;;;;;;
ImageTexture;ImageTexture;ImageTexture;ImageTexture;ImageTexture;ImageTexture;ImageTexture;ImageTexture;;;;;;;;;;;;;;;;;;;;;;;;;;;;;;;;;;;;;;;;;;;;;;;;;;;;;;;;;;;;;;;;;;;;;;;;;;;;;;;;;;;;;;;;;;;;
ImageTexture3D;ImageTexture3D;ImageTexture3D;ImageTexture3D;ImageTexture3D;ImageTexture3D;;ImageTexture3D;;;;;;;;;;;;;;;;;;;;;;;;;;;;;;;;;;;;;;;;;;;;;;;;;;;;;;;;;;;;;;;;;;;;;;;;;;;;;;;;;;;;;;;;;;;;
IMPORT;IMPORT;IMPORT;IMPORT;* required for X3D Immersive Profile;* required for X3D Immersive Profile;* required for X3D Immersive Profile;IMPORT;;;;;;;;;;;;;;;;;;;;;;;;;;;;;;;;;;;;;;;;;;;;;;;;;;;;;;;;;;;;;;;;;;;;;;;;;;;;;;;;;;;;;;;;;;;;
IndexedFaceSet;IndexedFaceSet;IndexedFaceSet;IndexedFaceSet;IndexedFaceSet;IndexedFaceSet;IndexedFaceSet;IndexedFaceSet;;;;;;;;;;;;;;;;;;;;;;;;;;;;;;;;;;;;;;;;;;;;;;;;;;;;;;;;;;;;;;;;;;;;;;;;;;;;;;;;;;;;;;;;;;;;
IndexedLineSet;IndexedLineSet;IndexedLineSet;IndexedLineSet;IndexedLineSet;IndexedLineSet;IndexedLineSet;IndexedLineSet;;;;;;;;;;;;;;;;;;;;;;;;;;;;;;;;;;;;;;;;;;;;;;;;;;;;;;;;;;;;;;;;;;;;;;;;;;;;;;;;;;;;;;;;;;;;
IndexedQuadSet;IndexedQuadSet;IndexedQuadSet;IndexedQuadSet;IndexedQuadSet;IndexedQuadSet;IndexedQuadSet;IndexedQuadSet;;;;;;;;;;;;;;;;;;;;;;;;;;;;;;;;;;;;;;;;;;;;;;;;;;;;;;;;;;;;;;;;;;;;;;;;;;;;;;;;;;;;;;;;;;;;
IndexedTriangleFanSet;IndexedTriangleFanSet;IndexedTriangleFanSet;IndexedTriangleFanSet;* missing, suggested for HTML5;IndexedTriangleFanSet;IndexedTriangleFanSet;IndexedTriangleFanSet;;;;;;;;;;;;;;;;;;;;;;;;;;;;;;;;;;;;;;;;;;;;;;;;;;;;;;;;;;;;;;;;;;;;;;;;;;;;;;;;;;;;;;;;;;;;
IndexedTriangleSet;IndexedTriangleSet;IndexedTriangleSet;IndexedTriangleSet;IndexedTriangleSet;IndexedTriangleSet;IndexedTriangleSet;IndexedTriangleSet;;;;;;;;;;;;;;;;;;;;;;;;;;;;;;;;;;;;;;;;;;;;;;;;;;;;;;;;;;;;;;;;;;;;;;;;;;;;;;;;;;;;;;;;;;;;
IndexedTriangleStripSet;IndexedTriangleStripSet;IndexedTriangleStripSet;IndexedTriangleStripSet;IndexedTriangleStripSet;IndexedTriangleStripSet;IndexedTriangleStripSet;IndexedTriangleStripSet;;;;;;;;;;;;;;;;;;;;;;;;;;;;;;;;;;;;;;;;;;;;;;;;;;;;;;;;;;;;;;;;;;;;;;;;;;;;;;;;;;;;;;;;;;;;
Inline;Inline;Inline;Inline;Inline;Inline;Inline;Inline;;;;;;;;;;;;;;;;;;;;;;;;;;;;;;;;;;;;;;;;;;;;;;;;;;;;;;;;;;;;;;;;;;;;;;;;;;;;;;;;;;;;;;;;;;;;
IntegerSequencer;IntegerSequencer;IntegerSequencer;IntegerSequencer;IntegerSequencer;IntegerSequencer;IntegerSequencer;IntegerSequencer;;;;;;;;;;;;;;;;;;;;;;;;;;;;;;;;;;;;;;;;;;;;;;;;;;;;;;;;;;;;;;;;;;;;;;;;;;;;;;;;;;;;;;;;;;;;
IntegerTrigger;IntegerTrigger;IntegerTrigger;IntegerTrigger;IntegerTrigger;IntegerTrigger;IntegerTrigger;IntegerTrigger;;;;;;;;;;;;;;;;;;;;;;;;;;;;;;;;;;;;;;;;;;;;;;;;;;;;;;;;;;;;;;;;;;;;;;;;;;;;;;;;;;;;;;;;;;;;
IS;IS;IS;IS;* required for X3D Immersive Profile;IS;IS;IS;;;;;;;;;;;;;;;;;;;;;;;;;;;;;;;;;;;;;;;;;;;;;;;;;;;;;;;;;;;;;;;;;;;;;;;;;;;;;;;;;;;;;;;;;;;;
IsoSurfaceVolumeData;IsoSurfaceVolumeData;IsoSurfaceVolumeData;;IsoSurfaceVolumeData;;;IsoSurfaceVolumeData;;;;;;;;;;;;;;;;;;;;;;;;;;;;;;;;;;;;;;;;;;;;;;;;;;;;;;;;;;;;;;;;;;;;;;;;;;;;;;;;;;;;;;;;;;;;
KeySensor;KeySensor;KeySensor;KeySensor;* missing, suggested for HTML5;KeySensor;KeySensor;KeySensor;;;;;;;;;;;;;;;;;;;;;;;;;;;;;;;;;;;;;;;;;;;;;;;;;;;;;;;;;;;;;;;;;;;;;;;;;;;;;;;;;;;;;;;;;;;;
Layer;Layer;Layer;;;Layer;Layer;;;;;;;;;;;;;;;;;;;;;;;;;;;;;;;;;;;;;;;;;;;;;;;;;;;;;;;;;;;;;;;;;;;;;;;;;;;;;;;;;;;;;;;;;;;;;
LayerSet;LayerSet;LayerSet;;;LayerSet;LayerSet;;;;;;;;;;;;;;;;;;;;;;;;;;;;;;;;;;;;;;;;;;;;;;;;;;;;;;;;;;;;;;;;;;;;;;;;;;;;;;;;;;;;;;;;;;;;;
Layout;Layout;Layout;;;Layout;;;;;;;;;;;;;;;;;;;;;;;;;;;;;;;;;;;;;;;;;;;;;;;;;;;;;;;;;;;;;;;;;;;;;;;;;;;;;;;;;;;;;;;;;;;;;;
LayoutGroup;LayoutGroup;LayoutGroup;;;LayoutGroup;;;;;;;;;;;;;;;;;;;;;;;;;;;;;;;;;;;;;;;;;;;;;;;;;;;;;;;;;;;;;;;;;;;;;;;;;;;;;;;;;;;;;;;;;;;;;;
LayoutLayer;LayoutLayer;LayoutLayer;;;LayoutLayer;;;;;;;;;;;;;;;;;;;;;;;;;;;;;;;;;;;;;;;;;;;;;;;;;;;;;;;;;;;;;;;;;;;;;;;;;;;;;;;;;;;;;;;;;;;;;;
LinePickSensor;LinePickSensor;LinePickSensor;;;;;;;;;;;;;;;;;;;;;;;;;;;;;;;;;;;;;;;;;;;;;;;;;;;;;;;;;;;;;;;;;;;;;;;;;;;;;;;;;;;;;;;;;;;;;;;;;
LineProperties;LineProperties;LineProperties;LineProperties;LineProperties;LineProperties;LineProperties;LineProperties;;;;;;;;;;;;;;;;;;;;;;;;;;;;;;;;;;;;;;;;;;;;;;;;;;;;;;;;;;;;;;;;;;;;;;;;;;;;;;;;;;;;;;;;;;;;
LineSet;LineSet;LineSet;LineSet;LineSet;LineSet;LineSet;LineSet;;;;;;;;;;;;;;;;;;;;;;;;;;;;;;;;;;;;;;;;;;;;;;;;;;;;;;;;;;;;;;;;;;;;;;;;;;;;;;;;;;;;;;;;;;;;
ListenerPointSource;;;;;;;;;;;;;;;;;;;;;;;;;;;;;;;;;;;;;;;;;;;;;;;;;;;;;;;;;;;;;;;;;;;;;;;;;;;;;;;;;;;;;;;;;;;;;;;;;;;
LoadSensor;LoadSensor;LoadSensor;* missing, suggested for HTML5;* missing, suggested for HTML5;LoadSensor;LoadSensor;LoadSensor;;;;;;;;;;;;;;;;;;;;;;;;;;;;;;;;;;;;;;;;;;;;;;;;;;;;;;;;;;;;;;;;;;;;;;;;;;;;;;;;;;;;;;;;;;;;
LocalFog;LocalFog;LocalFog;LocalFog;;LocalFog;LocalFog;LocalFog;;;;;;;;;;;;;;;;;;;;;;;;;;;;;;;;;;;;;;;;;;;;;;;;;;;;;;;;;;;;;;;;;;;;;;;;;;;;;;;;;;;;;;;;;;;;
LOD;LOD;LOD;LOD;LOD;LOD;LOD;LOD;;;;;;;;;;;;;;;;;;;;;;;;;;;;;;;;;;;;;;;;;;;;;;;;;;;;;;;;;;;;;;;;;;;;;;;;;;;;;;;;;;;;;;;;;;;;
Material;Material;Material;Material;Material;Material;Material;Material;;;;;;;;;;;;;;;;;;;;;;;;;;;;;;;;;;;;;;;;;;;;;;;;;;;;;;;;;;;;;;;;;;;;;;;;;;;;;;;;;;;;;;;;;;;;
Matrix3VertexAttribute ;Matrix3VertexAttribute ;Matrix3VertexAttribute;Matrix3VertexAttribute ;;Matrix3VertexAttribute ;;Matrix3VertexAttribute ;;;;;;;;;;;;;;;;;;;;;;;;;;;;;;;;;;;;;;;;;;;;;;;;;;;;;;;;;;;;;;;;;;;;;;;;;;;;;;;;;;;;;;;;;;;;
Matrix4VertexAttribute ;Matrix4VertexAttribute ;Matrix4VertexAttribute;Matrix4VertexAttribute ;;Matrix4VertexAttribute ;;Matrix4VertexAttribute ;;;;;;;;;;;;;;;;;;;;;;;;;;;;;;;;;;;;;;;;;;;;;;;;;;;;;;;;;;;;;;;;;;;;;;;;;;;;;;;;;;;;;;;;;;;;
meta;meta;meta;meta;meta;meta;meta;meta;;;;;;;;;;;;;;;;;;;;;;;;;;;;;;;;;;;;;;;;;;;;;;;;;;;;;;;;;;;;;;;;;;;;;;;;;;;;;;;;;;;;;;;;;;;;
MetadataBoolean;MetadataBoolean;MetadataBoolean;MetadataBoolean;MetadataBoolean;* missing, suggested for HTML5;MetadataBoolean;MetadataBoolean;;;;;;;;;;;;;;;;;;;;;;;;;;;;;;;;;;;;;;;;;;;;;;;;;;;;;;;;;;;;;;;;;;;;;;;;;;;;;;;;;;;;;;;;;;;;
MetadataDouble;MetadataDouble;MetadataDouble;MetadataDouble;MetadataDouble;MetadataDouble;MetadataDouble;MetadataDouble;;;;;;;;;;;;;;;;;;;;;;;;;;;;;;;;;;;;;;;;;;;;;;;;;;;;;;;;;;;;;;;;;;;;;;;;;;;;;;;;;;;;;;;;;;;;
MetadataFloat;MetadataFloat;MetadataFloat;MetadataFloat;MetadataFloat;MetadataFloat;MetadataFloat;MetadataFloat;;;;;;;;;;;;;;;;;;;;;;;;;;;;;;;;;;;;;;;;;;;;;;;;;;;;;;;;;;;;;;;;;;;;;;;;;;;;;;;;;;;;;;;;;;;;
MetadataInteger;MetadataInteger;MetadataInteger;MetadataInteger;MetadataInteger;MetadataInteger;MetadataInteger;MetadataInteger;;;;;;;;;;;;;;;;;;;;;;;;;;;;;;;;;;;;;;;;;;;;;;;;;;;;;;;;;;;;;;;;;;;;;;;;;;;;;;;;;;;;;;;;;;;;
MetadataSet;MetadataSet;MetadataSet;MetadataSet;MetadataSet;MetadataSet;MetadataSet;MetadataSet;;;;;;;;;;;;;;;;;;;;;;;;;;;;;;;;;;;;;;;;;;;;;;;;;;;;;;;;;;;;;;;;;;;;;;;;;;;;;;;;;;;;;;;;;;;;
MetadataString;MetadataString;MetadataString;MetadataString;MetadataString;MetadataString;MetadataString;MetadataString;;;;;;;;;;;;;;;;;;;;;;;;;;;;;;;;;;;;;;;;;;;;;;;;;;;;;;;;;;;;;;;;;;;;;;;;;;;;;;;;;;;;;;;;;;;;
MicrophoneSource;;;;;;;;;;;;;;;;;;;;;;;;;;;;;;;;;;;;;;;;;;;;;;;;;;;;;;;;;;;;;;;;;;;;;;;;;;;;;;;;;;;;;;;;;;;;;;;;;;;
MotorJoint;;MotorJoint;;MotorJoint;;MotorJoint;MotorJoint;;;;;;;;;;;;;;;;;;;;;;;;;;;;;;;;;;;;;;;;;;;;;;;;;;;;;;;;;;;;;;;;;;;;;;;;;;;;;;;;;;;;;;;;;;;;
MovieTexture;MovieTexture;MovieTexture;MovieTexture;MovieTexture;MovieTexture;MovieTexture;MovieTexture;;;;;;;;;;;;;;;;;;;;;;;;;;;;;;;;;;;;;;;;;;;;;;;;;;;;;;;;;;;;;;;;;;;;;;;;;;;;;;;;;;;;;;;;;;;;
MultiTexture;MultiTexture;MultiTexture;MultiTexture;MultiTexture;MultiTexture;MultiTexture;MultiTexture;;;;;;;;;;;;;;;;;;;;;;;;;;;;;;;;;;;;;;;;;;;;;;;;;;;;;;;;;;;;;;;;;;;;;;;;;;;;;;;;;;;;;;;;;;;;
MultiTextureCoordinate;MultiTextureCoordinate;MultiTextureCoordinate;MultiTextureCoordinate;MultiTextureCoordinate;MultiTextureCoordinate;MultiTextureCoordinate;;;;;;;;;;;;;;;;;;;;;;;;;;;;;;;;;;;;;;;;;;;;;;;;;;;;;;;;;;;;;;;;;;;;;;;;;;;;;;;;;;;;;;;;;;;;;
MultiTextureTransform;MultiTextureTransform;MultiTextureTransform;MultiTextureTransform;;MultiTextureTransform;MultiTextureTransform;MultiTextureTransform;;;;;;;;;;;;;;;;;;;;;;;;;;;;;;;;;;;;;;;;;;;;;;;;;;;;;;;;;;;;;;;;;;;;;;;;;;;;;;;;;;;;;;;;;;;;
NavigationInfo;NavigationInfo;NavigationInfo;NavigationInfo;NavigationInfo;NavigationInfo;NavigationInfo;NavigationInfo;;;;;;;;;;;;;;;;;;;;;;;;;;;;;;;;;;;;;;;;;;;;;;;;;;;;;;;;;;;;;;;;;;;;;;;;;;;;;;;;;;;;;;;;;;;;
Normal;Normal;Normal;Normal;Normal;Normal;Normal;Normal;;;;;;;;;;;;;;;;;;;;;;;;;;;;;;;;;;;;;;;;;;;;;;;;;;;;;;;;;;;;;;;;;;;;;;;;;;;;;;;;;;;;;;;;;;;;
NormalInterpolator;NormalInterpolator;NormalInterpolator;NormalInterpolator;NormalInterpolator;NormalInterpolator;NormalInterpolator;NormalInterpolator;;;;;;;;;;;;;;;;;;;;;;;;;;;;;;;;;;;;;;;;;;;;;;;;;;;;;;;;;;;;;;;;;;;;;;;;;;;;;;;;;;;;;;;;;;;;
NurbsCurve;NurbsCurve;NurbsCurve;NurbsCurve;NurbsCurve;NurbsCurve;NurbsCurve;NurbsCurve;;;;;;;;;;;;;;;;;;;;;;;;;;;;;;;;;;;;;;;;;;;;;;;;;;;;;;;;;;;;;;;;;;;;;;;;;;;;;;;;;;;;;;;;;;;;
NurbsCurve2D;NurbsCurve2D;NurbsCurve2D;;NurbsCurve2D;NurbsCurve2D;NurbsCurve2D;NurbsCurve2D;;;;;;;;;;;;;;;;;;;;;;;;;;;;;;;;;;;;;;;;;;;;;;;;;;;;;;;;;;;;;;;;;;;;;;;;;;;;;;;;;;;;;;;;;;;;
NurbsOrientationInterpolator;NurbsOrientationInterpolator;NurbsOrientationInterpolator;NurbsOrientationInterpolator;NurbsOrientationInterpolator;NurbsOrientationInterpolator;;NurbsOrientationInterpolator;;;;;;;;;;;;;;;;;;;;;;;;;;;;;;;;;;;;;;;;;;;;;;;;;;;;;;;;;;;;;;;;;;;;;;;;;;;;;;;;;;;;;;;;;;;;
NurbsPatchSurface;NurbsPatchSurface;NurbsPatchSurface;NurbsPatchSurface;;NurbsPatchSurface;NurbsPatchSurface;NurbsPatchSurface;;;;;;;;;;;;;;;;;;;;;;;;;;;;;;;;;;;;;;;;;;;;;;;;;;;;;;;;;;;;;;;;;;;;;;;;;;;;;;;;;;;;;;;;;;;;
NurbsPositionInterpolator;NurbsPositionInterpolator;NurbsPositionInterpolator;NurbsPositionInterpolator;NurbsPositionInterpolator;NurbsPositionInterpolator;;NurbsPositionInterpolator;;;;;;;;;;;;;;;;;;;;;;;;;;;;;;;;;;;;;;;;;;;;;;;;;;;;;;;;;;;;;;;;;;;;;;;;;;;;;;;;;;;;;;;;;;;;
NurbsSet;NurbsSet;NurbsSet;;;NurbsSet;;NurbsSet;;;;;;;;;;;;;;;;;;;;;;;;;;;;;;;;;;;;;;;;;;;;;;;;;;;;;;;;;;;;;;;;;;;;;;;;;;;;;;;;;;;;;;;;;;;;
NurbsSurfaceInterpolator;NurbsSurfaceInterpolator;NurbsSurfaceInterpolator;NurbsSurfaceInterpolator;NurbsSurfaceInterpolator;NurbsSurfaceInterpolator;;NurbsSurfaceInterpolator;;;;;;;;;;;;;;;;;;;;;;;;;;;;;;;;;;;;;;;;;;;;;;;;;;;;;;;;;;;;;;;;;;;;;;;;;;;;;;;;;;;;;;;;;;;;
NurbsSweptSurface;NurbsSweptSurface;NurbsSweptSurface;;;NurbsSweptSurface;;NurbsSweptSurface;;;;;;;;;;;;;;;;;;;;;;;;;;;;;;;;;;;;;;;;;;;;;;;;;;;;;;;;;;;;;;;;;;;;;;;;;;;;;;;;;;;;;;;;;;;;
NurbsSwungSurface;NurbsSwungSurface;NurbsSwungSurface;;;NurbsSwungSurface;;NurbsSwungSurface;;;;;;;;;;;;;;;;;;;;;;;;;;;;;;;;;;;;;;;;;;;;;;;;;;;;;;;;;;;;;;;;;;;;;;;;;;;;;;;;;;;;;;;;;;;;
NurbsTextureCoordinate;NurbsTextureCoordinate;NurbsTextureCoordinate;;;NurbsTextureCoordinate;;NurbsTextureCoordinate;;;;;;;;;;;;;;;;;;;;;;;;;;;;;;;;;;;;;;;;;;;;;;;;;;;;;;;;;;;;;;;;;;;;;;;;;;;;;;;;;;;;;;;;;;;;
NurbsTrimmedSurface;;NurbsTrimmedSurface;NurbsTrimmedSurface;NurbsTrimmedSurface;NurbsTrimmedSurface;NurbsTrimmedSurface;NurbsTrimmedSurface;;;;;;;;;;;;;;;;;;;;;;;;;;;;;;;;;;;;;;;;;;;;;;;;;;;;;;;;;;;;;;;;;;;;;;;;;;;;;;;;;;;;;;;;;;;;
OpacityMapVolumeStyle;OpacityMapVolumeStyle;OpacityMapVolumeStyle;;OpacityMapVolumeStyle;;;OpacityMapVolumeStyle;;;;;;;;;;;;;;;;;;;;;;;;;;;;;;;;;;;;;;;;;;;;;;;;;;;;;;;;;;;;;;;;;;;;;;;;;;;;;;;;;;;;;;;;;;;;
OrientationChaser;OrientationChaser;OrientationChaser;;OrientationChaser;OrientationChaser;;OrientationChaser;;;;;;;;;;;;;;;;;;;;;;;;;;;;;;;;;;;;;;;;;;;;;;;;;;;;;;;;;;;;;;;;;;;;;;;;;;;;;;;;;;;;;;;;;;;;
OrientationDamper;OrientationDamper;OrientationDamper;;OrientationDamper;OrientationDamper;;OrientationDamper;;;;;;;;;;;;;;;;;;;;;;;;;;;;;;;;;;;;;;;;;;;;;;;;;;;;;;;;;;;;;;;;;;;;;;;;;;;;;;;;;;;;;;;;;;;;
OrientationInterpolator;OrientationInterpolator;OrientationInterpolator;OrientationInterpolator;OrientationInterpolator;OrientationInterpolator;OrientationInterpolator;OrientationInterpolator;;;;;;;;;;;;;;;;;;;;;;;;;;;;;;;;;;;;;;;;;;;;;;;;;;;;;;;;;;;;;;;;;;;;;;;;;;;;;;;;;;;;;;;;;;;;
OrthoViewpoint;OrthoViewpoint;OrthoViewpoint;OrthoViewpoint;OrthoViewpoint;OrthoViewpoint;OrthoViewpoint;OrthoViewpoint;;;;;;;;;;;;;;;;;;;;;;;;;;;;;;;;;;;;;;;;;;;;;;;;;;;;;;;;;;;;;;;;;;;;;;;;;;;;;;;;;;;;;;;;;;;;
OscillatorSource;;;;;;;;;;;;;;;;;;;;;;;;;;;;;;;;;;;;;;;;;;;;;;;;;;;;;;;;;;;;;;;;;;;;;;;;;;;;;;;;;;;;;;;;;;;;;;;;;;;
PackagedShader;;PackagedShader;;;;;PackagedShader;;;;;;;;;;;;;;;;;;;;;;;;;;;;;;;;;;;;;;;;;;;;;;;;;;;;;;;;;;;;;;;;;;;;;;;;;;;;;;;;;;;;;;;;;;;;
ParticleSystem;ParticleSystem;ParticleSystem;;;;ParticleSystem;;;;;;;;;;;;;;;;;;;;;;;;;;;;;;;;;;;;;;;;;;;;;;;;;;;;;;;;;;;;;;;;;;;;;;;;;;;;;;;;;;;;;;;;;;;;;
PeriodicWave;;;;;;;;;;;;;;;;;;;;;;;;;;;;;;;;;;;;;;;;;;;;;;;;;;;;;;;;;;;;;;;;;;;;;;;;;;;;;;;;;;;;;;;;;;;;;;;;;;;
PhysicalMaterial;PhysicalMaterial;PhysicalMaterial;;;;;;;;;;;;;;;;;;;;;;;;;;;;;;;;;;;;;;;;;;;;;;;;;;;;;;;;;;;;;;;;;;;;;;;;;;;;;;;;;;;;;;;;;;;;;;;;;
PickableGroup;PickableGroup;PickableGroup;;;;PickableGroup;;;;;;;;;;;;;;;;;;;;;;;;;;;;;;;;;;;;;;;;;;;;;;;;;;;;;;;;;;;;;;;;;;;;;;;;;;;;;;;;;;;;;;;;;;;;;
PixelTexture;PixelTexture;PixelTexture;PixelTexture;PixelTexture;PixelTexture;PixelTexture;PixelTexture;;;;;;;;;;;;;;;;;;;;;;;;;;;;;;;;;;;;;;;;;;;;;;;;;;;;;;;;;;;;;;;;;;;;;;;;;;;;;;;;;;;;;;;;;;;;
PixelTexture3D;PixelTexture3D;PixelTexture3D;PixelTexture3D;PixelTexture3D;PixelTexture3D;PixelTexture3D;PixelTexture3D;;;;;;;;;;;;;;;;;;;;;;;;;;;;;;;;;;;;;;;;;;;;;;;;;;;;;;;;;;;;;;;;;;;;;;;;;;;;;;;;;;;;;;;;;;;;
PlaneSensor;PlaneSensor;PlaneSensor;PlaneSensor;PlaneSensor;PlaneSensor;PlaneSensor;PlaneSensor;;;;;;;;;;;;;;;;;;;;;;;;;;;;;;;;;;;;;;;;;;;;;;;;;;;;;;;;;;;;;;;;;;;;;;;;;;;;;;;;;;;;;;;;;;;;
PointEmitter;PointEmitter;PointEmitter;;;;PointEmitter;;;;;;;;;;;;;;;;;;;;;;;;;;;;;;;;;;;;;;;;;;;;;;;;;;;;;;;;;;;;;;;;;;;;;;;;;;;;;;;;;;;;;;;;;;;;;
PointLight;PointLight;PointLight;PointLight;PointLight;PointLight;PointLight;PointLight;;;;;;;;;;;;;;;;;;;;;;;;;;;;;;;;;;;;;;;;;;;;;;;;;;;;;;;;;;;;;;;;;;;;;;;;;;;;;;;;;;;;;;;;;;;;
PointPickSensor;PointPickSensor;PointPickSensor;;;;;;;;;;;;;;;;;;;;;;;;;;;;;;;;;;;;;;;;;;;;;;;;;;;;;;;;;;;;;;;;;;;;;;;;;;;;;;;;;;;;;;;;;;;;;;;;;
PointProperties;PointProperties;PointProperties;;;;PointProperties;;;;;;;;;;;;;;;;;;;;;;;;;;;;;;;;;;;;;;;;;;;;;;;;;;;;;;;;;;;;;;;;;;;;;;;;;;;;;;;;;;;;;;;;;;;;;
PointSet;PointSet;PointSet;PointSet;PointSet;PointSet;PointSet;PointSet;;;;;;;;;;;;;;;;;;;;;;;;;;;;;;;;;;;;;;;;;;;;;;;;;;;;;;;;;;;;;;;;;;;;;;;;;;;;;;;;;;;;;;;;;;;;
Polyline2D;Polyline2D;Polyline2D;;Polyline2D;Polyline2D;Polyline2D;Polyline2D;;;;;;;;;;;;;;;;;;;;;;;;;;;;;;;;;;;;;;;;;;;;;;;;;;;;;;;;;;;;;;;;;;;;;;;;;;;;;;;;;;;;;;;;;;;;
PolylineEmitter;PolylineEmitter;PolylineEmitter;;;;PolylineEmitter;;;;;;;;;;;;;;;;;;;;;;;;;;;;;;;;;;;;;;;;;;;;;;;;;;;;;;;;;;;;;;;;;;;;;;;;;;;;;;;;;;;;;;;;;;;;;
Polypoint2D;Polypoint2D;Polypoint2D;;Polypoint2D;Polypoint2D;Polypoint2D;Polypoint2D;;;;;;;;;;;;;;;;;;;;;;;;;;;;;;;;;;;;;;;;;;;;;;;;;;;;;;;;;;;;;;;;;;;;;;;;;;;;;;;;;;;;;;;;;;;;
PositionChaser;PositionChaser;PositionChaser;;PositionChaser;PositionChaser;;PositionChaser;;;;;;;;;;;;;;;;;;;;;;;;;;;;;;;;;;;;;;;;;;;;;;;;;;;;;;;;;;;;;;;;;;;;;;;;;;;;;;;;;;;;;;;;;;;;
PositionChaser2D;PositionChaser2D;PositionChaser2D;;PositionChaser2D;PositionChaser2D;;PositionChaser2D;;;;;;;;;;;;;;;;;;;;;;;;;;;;;;;;;;;;;;;;;;;;;;;;;;;;;;;;;;;;;;;;;;;;;;;;;;;;;;;;;;;;;;;;;;;;
PositionDamper;PositionDamper;PositionDamper;;PositionDamper;PositionDamper;;PositionDamper;;;;;;;;;;;;;;;;;;;;;;;;;;;;;;;;;;;;;;;;;;;;;;;;;;;;;;;;;;;;;;;;;;;;;;;;;;;;;;;;;;;;;;;;;;;;
PositionDamper2D;PositionDamper2D;PositionDamper2D;;PositionDamper2D;PositionDamper2D;;PositionDamper2D;;;;;;;;;;;;;;;;;;;;;;;;;;;;;;;;;;;;;;;;;;;;;;;;;;;;;;;;;;;;;;;;;;;;;;;;;;;;;;;;;;;;;;;;;;;;
PositionInterpolator;PositionInterpolator;PositionInterpolator;PositionInterpolator;PositionInterpolator;PositionInterpolator;PositionInterpolator;PositionInterpolator;;;;;;;;;;;;;;;;;;;;;;;;;;;;;;;;;;;;;;;;;;;;;;;;;;;;;;;;;;;;;;;;;;;;;;;;;;;;;;;;;;;;;;;;;;;;
PositionInterpolator2D;PositionInterpolator2D;PositionInterpolator2D;PositionInterpolator2D;PositionInterpolator2D;PositionInterpolator2D;PositionInterpolator2D;PositionInterpolator2D;;;;;;;;;;;;;;;;;;;;;;;;;;;;;;;;;;;;;;;;;;;;;;;;;;;;;;;;;;;;;;;;;;;;;;;;;;;;;;;;;;;;;;;;;;;;
PrimitivePickSensor;PrimitivePickSensor;PrimitivePickSensor;;;;;;;;;;;;;;;;;;;;;;;;;;;;;;;;;;;;;;;;;;;;;;;;;;;;;;;;;;;;;;;;;;;;;;;;;;;;;;;;;;;;;;;;;;;;;;;;;
ProgramShader;;ProgramShader;;;ProgramShader;;ProgramShader;;;;;;;;;;;;;;;;;;;;;;;;;;;;;;;;;;;;;;;;;;;;;;;;;;;;;;;;;;;;;;;;;;;;;;;;;;;;;;;;;;;;;;;;;;;;
ProjectionVolumeStyle;ProjectionVolumeStyle;ProjectionVolumeStyle;;ProjectionVolumeStyle;;;ProjectionVolumeStyle;;;;;;;;;;;;;;;;;;;;;;;;;;;;;;;;;;;;;;;;;;;;;;;;;;;;;;;;;;;;;;;;;;;;;;;;;;;;;;;;;;;;;;;;;;;;
ProtoBody;ProtoBody;ProtoBody;ProtoBody;* required for X3D Immersive Profile;ProtoBody;ProtoBody;ProtoBody;;;;;;;;;;;;;;;;;;;;;;;;;;;;;;;;;;;;;;;;;;;;;;;;;;;;;;;;;;;;;;;;;;;;;;;;;;;;;;;;;;;;;;;;;;;;
ProtoDeclare;ProtoDeclare;ProtoDeclare;ProtoDeclare;* required for X3D Immersive Profile;ProtoDeclare;ProtoDeclare;ProtoDeclare;;;;;;;;;;;;;;;;;;;;;;;;;;;;;;;;;;;;;;;;;;;;;;;;;;;;;;;;;;;;;;;;;;;;;;;;;;;;;;;;;;;;;;;;;;;;
ProtoInstance;ProtoInstance;ProtoInstance;ProtoInstance;* required for X3D Immersive Profile;ProtoInstance;ProtoInstance;ProtoInstance;;;;;;;;;;;;;;;;;;;;;;;;;;;;;;;;;;;;;;;;;;;;;;;;;;;;;;;;;;;;;;;;;;;;;;;;;;;;;;;;;;;;;;;;;;;;
ProtoInterface;ProtoInterface;ProtoInterface;ProtoInterface;* required for X3D Immersive Profile;ProtoInterface;ProtoInterface;ProtoInterface;;;;;;;;;;;;;;;;;;;;;;;;;;;;;;;;;;;;;;;;;;;;;;;;;;;;;;;;;;;;;;;;;;;;;;;;;;;;;;;;;;;;;;;;;;;;
ProximitySensor;ProximitySensor;ProximitySensor;ProximitySensor;* required for X3D Immersive Profile;ProximitySensor;ProximitySensor;ProximitySensor;;;;;;;;;;;;;;;;;;;;;;;;;;;;;;;;;;;;;;;;;;;;;;;;;;;;;;;;;;;;;;;;;;;;;;;;;;;;;;;;;;;;;;;;;;;;
QuadSet;QuadSet;QuadSet;QuadSet;QuadSet;QuadSet;QuadSet;QuadSet;;;;;;;;;;;;;;;;;;;;;;;;;;;;;;;;;;;;;;;;;;;;;;;;;;;;;;;;;;;;;;;;;;;;;;;;;;;;;;;;;;;;;;;;;;;;
ReceiverPdu;;ReceiverPdu;;;;;ReceiverPdu;;;;;;;;;;;;;;;;;;;;;;;;;;;;;;;;;;;;;;;;;;;;;;;;;;;;;;;;;;;;;;;;;;;;;;;;;;;;;;;;;;;;;;;;;;;;
Rectangle2D;Rectangle2D;Rectangle2D;Rectangle2D;Rectangle2D;Rectangle2D;Rectangle2D;Rectangle2D;;;;;;;;;;;;;;;;;;;;;;;;;;;;;;;;;;;;;;;;;;;;;;;;;;;;;;;;;;;;;;;;;;;;;;;;;;;;;;;;;;;;;;;;;;;;
RigidBody;RigidBody;RigidBody;;RigidBody;;RigidBody;RigidBody;;;;;;;;;;;;;;;;;;;;;;;;;;;;;;;;;;;;;;;;;;;;;;;;;;;;;;;;;;;;;;;;;;;;;;;;;;;;;;;;;;;;;;;;;;;;
RigidBodyCollection;RigidBodyCollection;RigidBodyCollection;;RigidBodyCollection;;RigidBodyCollection;RigidBodyCollection;;;;;;;;;;;;;;;;;;;;;;;;;;;;;;;;;;;;;;;;;;;;;;;;;;;;;;;;;;;;;;;;;;;;;;;;;;;;;;;;;;;;;;;;;;;;
ROUTE;ROUTE;ROUTE;ROUTE;ROUTE;ROUTE;ROUTE;ROUTE;;;;;;;;;;;;;;;;;;;;;;;;;;;;;;;;;;;;;;;;;;;;;;;;;;;;;;;;;;;;;;;;;;;;;;;;;;;;;;;;;;;;;;;;;;;;
ScalarChaser;ScalarChaser;ScalarChaser;;ScalarChaser;ScalarChaser;;ScalarChaser;;;;;;;;;;;;;;;;;;;;;;;;;;;;;;;;;;;;;;;;;;;;;;;;;;;;;;;;;;;;;;;;;;;;;;;;;;;;;;;;;;;;;;;;;;;;
ScalarDamper;ScalarDamper;ScalarDamper;;ScalarDamper;ScalarDamper;;ScalarDamper;;;;;;;;;;;;;;;;;;;;;;;;;;;;;;;;;;;;;;;;;;;;;;;;;;;;;;;;;;;;;;;;;;;;;;;;;;;;;;;;;;;;;;;;;;;;
ScalarInterpolator;ScalarInterpolator;ScalarInterpolator;ScalarInterpolator;ScalarInterpolator;ScalarInterpolator;ScalarInterpolator;ScalarInterpolator;;;;;;;;;;;;;;;;;;;;;;;;;;;;;;;;;;;;;;;;;;;;;;;;;;;;;;;;;;;;;;;;;;;;;;;;;;;;;;;;;;;;;;;;;;;;
Scene;Scene;Scene;Scene;Scene;Scene;Scene;Scene;;;;;;;;;;;;;;;;;;;;;;;;;;;;;;;;;;;;;;;;;;;;;;;;;;;;;;;;;;;;;;;;;;;;;;;;;;;;;;;;;;;;;;;;;;;;
ScreenFontStyle;ScreenFontStyle;ScreenFontStyle;;* missing, suggested for HTML5;;;;;;;;;;;;;;;;;;;;;;;;;;;;;;;;;;;;;;;;;;;;;;;;;;;;;;;;;;;;;;;;;;;;;;;;;;;;;;;;;;;;;;;;;;;;;;;
ScreenGroup;ScreenGroup;ScreenGroup;;* missing, suggested for HTML5;ScreenGroup;;;;;;;;;;;;;;;;;;;;;;;;;;;;;;;;;;;;;;;;;;;;;;;;;;;;;;;;;;;;;;;;;;;;;;;;;;;;;;;;;;;;;;;;;;;;;;
Script;Script;Script;Script;* required for X3D Immersive Profile;Script;Script;Script;;;;;;;;;;;;;;;;;;;;;;;;;;;;;;;;;;;;;;;;;;;;;;;;;;;;;;;;;;;;;;;;;;;;;;;;;;;;;;;;;;;;;;;;;;;;
SegmentedVolumeData;SegmentedVolumeData;SegmentedVolumeData;;SegmentedVolumeData;;;SegmentedVolumeData;;;;;;;;;;;;;;;;;;;;;;;;;;;;;;;;;;;;;;;;;;;;;;;;;;;;;;;;;;;;;;;;;;;;;;;;;;;;;;;;;;;;;;;;;;;;
ShadedVolumeStyle;ShadedVolumeStyle;ShadedVolumeStyle;;ShadedVolumeStyle;;;ShadedVolumeStyle;;;;;;;;;;;;;;;;;;;;;;;;;;;;;;;;;;;;;;;;;;;;;;;;;;;;;;;;;;;;;;;;;;;;;;;;;;;;;;;;;;;;;;;;;;;;
ShaderPart;ShaderPart;ShaderPart;ShaderPart;ShaderPart;ShaderPart;;ShaderPart;;;;;;;;;;;;;;;;;;;;;;;;;;;;;;;;;;;;;;;;;;;;;;;;;;;;;;;;;;;;;;;;;;;;;;;;;;;;;;;;;;;;;;;;;;;;
ShaderProgram;;ShaderProgram;;;ShaderProgram;;ShaderProgram;;;;;;;;;;;;;;;;;;;;;;;;;;;;;;;;;;;;;;;;;;;;;;;;;;;;;;;;;;;;;;;;;;;;;;;;;;;;;;;;;;;;;;;;;;;;
Shape;Shape;Shape;Shape;Shape;Shape;Shape;Shape;;;;;;;;;;;;;;;;;;;;;;;;;;;;;;;;;;;;;;;;;;;;;;;;;;;;;;;;;;;;;;;;;;;;;;;;;;;;;;;;;;;;;;;;;;;;
SignalPdu;;SignalPdu;;;;;SignalPdu;;;;;;;;;;;;;;;;;;;;;;;;;;;;;;;;;;;;;;;;;;;;;;;;;;;;;;;;;;;;;;;;;;;;;;;;;;;;;;;;;;;;;;;;;;;;
SilhouetteEnhancementVolumeStyle;SilhouetteEnhancementVolumeStyle;SilhouetteEnhancementVolumeStyle;;SilhouetteEnhancementVolumeStyle;;;SilhouetteEnhancementVolumeStyle;;;;;;;;;;;;;;;;;;;;;;;;;;;;;;;;;;;;;;;;;;;;;;;;;;;;;;;;;;;;;;;;;;;;;;;;;;;;;;;;;;;;;;;;;;;;
SingleAxisHingeJoint;SingleAxisHingeJoint;SingleAxisHingeJoint;;SingleAxisHingeJoint;;SingleAxisHingeJoint;SingleAxisHingeJoint;;;;;;;;;;;;;;;;;;;;;;;;;;;;;;;;;;;;;;;;;;;;;;;;;;;;;;;;;;;;;;;;;;;;;;;;;;;;;;;;;;;;;;;;;;;;
SliderJoint;SliderJoint;SliderJoint;;SliderJoint;;SliderJoint;SliderJoint;;;;;;;;;;;;;;;;;;;;;;;;;;;;;;;;;;;;;;;;;;;;;;;;;;;;;;;;;;;;;;;;;;;;;;;;;;;;;;;;;;;;;;;;;;;;
Sound;Sound;Sound;Sound;Sound;Sound;Sound;Sound;;;;;;;;;;;;;;;;;;;;;;;;;;;;;;;;;;;;;;;;;;;;;;;;;;;;;;;;;;;;;;;;;;;;;;;;;;;;;;;;;;;;;;;;;;;;
SpatialSound;;SpatialSound;;;;;;;;;;;;;;;;;;;;;;;;;;;;;;;;;;;;;;;;;;;;;;;;;;;;;;;;;;;;;;;;;;;;;;;;;;;;;;;;;;;;;;;;;;;;;;;;;
Sphere;Sphere;Sphere;Sphere;Sphere;Sphere;Sphere;Sphere;;;;;;;;;;;;;;;;;;;;;;;;;;;;;;;;;;;;;;;;;;;;;;;;;;;;;;;;;;;;;;;;;;;;;;;;;;;;;;;;;;;;;;;;;;;;
SphereSensor;SphereSensor;SphereSensor;SphereSensor;SphereSensor;SphereSensor;SphereSensor;SphereSensor;;;;;;;;;;;;;;;;;;;;;;;;;;;;;;;;;;;;;;;;;;;;;;;;;;;;;;;;;;;;;;;;;;;;;;;;;;;;;;;;;;;;;;;;;;;;
SplinePositionInterpolator;SplinePositionInterpolator;SplinePositionInterpolator;;SplinePositionInterpolator;SplinePositionInterpolator;;;;;;;;;;;;;;;;;;;;;;;;;;;;;;;;;;;;;;;;;;;;;;;;;;;;;;;;;;;;;;;;;;;;;;;;;;;;;;;;;;;;;;;;;;;;;;
SplinePositionInterpolator2D;SplinePositionInterpolator2D;SplinePositionInterpolator2D;;;SplinePositionInterpolator2D;;;;;;;;;;;;;;;;;;;;;;;;;;;;;;;;;;;;;;;;;;;;;;;;;;;;;;;;;;;;;;;;;;;;;;;;;;;;;;;;;;;;;;;;;;;;;;
SplineScalarInterpolator;SplineScalarInterpolator;SplineScalarInterpolator;;;SplineScalarInterpolator;;;;;;;;;;;;;;;;;;;;;;;;;;;;;;;;;;;;;;;;;;;;;;;;;;;;;;;;;;;;;;;;;;;;;;;;;;;;;;;;;;;;;;;;;;;;;;
SpotLight;SpotLight;SpotLight;SpotLight;SpotLight;SpotLight;SpotLight;SpotLight;;;;;;;;;;;;;;;;;;;;;;;;;;;;;;;;;;;;;;;;;;;;;;;;;;;;;;;;;;;;;;;;;;;;;;;;;;;;;;;;;;;;;;;;;;;;
SquadOrientationInterpolator;SquadOrientationInterpolator;SquadOrientationInterpolator;;;SquadOrientationInterpolator;;;;;;;;;;;;;;;;;;;;;;;;;;;;;;;;;;;;;;;;;;;;;;;;;;;;;;;;;;;;;;;;;;;;;;;;;;;;;;;;;;;;;;;;;;;;;;
StaticGroup;StaticGroup;StaticGroup;StaticGroup;StaticGroup;StaticGroup;StaticGroup;StaticGroup;;;;;;;;;;;;;;;;;;;;;;;;;;;;;;;;;;;;;;;;;;;;;;;;;;;;;;;;;;;;;;;;;;;;;;;;;;;;;;;;;;;;;;;;;;;;
StreamAudioDestination;;;;;;;;;;;;;;;;;;;;;;;;;;;;;;;;;;;;;;;;;;;;;;;;;;;;;;;;;;;;;;;;;;;;;;;;;;;;;;;;;;;;;;;;;;;;;;;;;;;
StreamAudioSource;;;;;;;;;;;;;;;;;;;;;;;;;;;;;;;;;;;;;;;;;;;;;;;;;;;;;;;;;;;;;;;;;;;;;;;;;;;;;;;;;;;;;;;;;;;;;;;;;;;
StringSensor;StringSensor;StringSensor;StringSensor;* missing, suggested for HTML5;StringSensor;StringSensor;StringSensor;;;;;;;;;;;;;;;;;;;;;;;;;;;;;;;;;;;;;;;;;;;;;;;;;;;;;;;;;;;;;;;;;;;;;;;;;;;;;;;;;;;;;;;;;;;;
SurfaceEmitter;SurfaceEmitter;SurfaceEmitter;;;;;;;;;;;;;;;;;;;;;;;;;;;;;;;;;;;;;;;;;;;;;;;;;;;;;;;;;;;;;;;;;;;;;;;;;;;;;;;;;;;;;;;;;;;;;;;;;
Switch;Switch;Switch;Switch;Switch;Switch;Switch;Switch;;;;;;;;;;;;;;;;;;;;;;;;;;;;;;;;;;;;;;;;;;;;;;;;;;;;;;;;;;;;;;;;;;;;;;;;;;;;;;;;;;;;;;;;;;;;
TexCoordChaser2D;TexCoordChaser2D;TexCoordChaser2D;;;TexCoordChaser2D;;TexCoordChaser2D;;;;;;;;;;;;;;;;;;;;;;;;;;;;;;;;;;;;;;;;;;;;;;;;;;;;;;;;;;;;;;;;;;;;;;;;;;;;;;;;;;;;;;;;;;;;
TexCoordDamper2D;TexCoordDamper2D;TexCoordDamper2D;;TexCoordDamper2D;TexCoordDamper2D;;TexCoordDamper2D;;;;;;;;;;;;;;;;;;;;;;;;;;;;;;;;;;;;;;;;;;;;;;;;;;;;;;;;;;;;;;;;;;;;;;;;;;;;;;;;;;;;;;;;;;;;
Text;Text;Text;Text;Text;Text;Text;Text;;;;;;;;;;;;;;;;;;;;;;;;;;;;;;;;;;;;;;;;;;;;;;;;;;;;;;;;;;;;;;;;;;;;;;;;;;;;;;;;;;;;;;;;;;;;
TextureBackground;TextureBackground;TextureBackground;TextureBackground;* missing, suggested for HTML5;TextureBackground;TextureBackground;TextureBackground;;;;;;;;;;;;;;;;;;;;;;;;;;;;;;;;;;;;;;;;;;;;;;;;;;;;;;;;;;;;;;;;;;;;;;;;;;;;;;;;;;;;;;;;;;;;
TextureCoordinate;TextureCoordinate;TextureCoordinate;TextureCoordinate;TextureCoordinate;TextureCoordinate;TextureCoordinate;TextureCoordinate;;;;;;;;;;;;;;;;;;;;;;;;;;;;;;;;;;;;;;;;;;;;;;;;;;;;;;;;;;;;;;;;;;;;;;;;;;;;;;;;;;;;;;;;;;;;
TextureCoordinate3D;TextureCoordinate3D;TextureCoordinate3D;TextureCoordinate3D;TextureCoordinate3D;TextureCoordinate3D;TextureCoordinate3D;TextureCoordinate3D;;;;;;;;;;;;;;;;;;;;;;;;;;;;;;;;;;;;;;;;;;;;;;;;;;;;;;;;;;;;;;;;;;;;;;;;;;;;;;;;;;;;;;;;;;;;
TextureCoordinate4D;TextureCoordinate4D;TextureCoordinate4D;TextureCoordinate4D;;TextureCoordinate4D;TextureCoordinate4D;TextureCoordinate4D;;;;;;;;;;;;;;;;;;;;;;;;;;;;;;;;;;;;;;;;;;;;;;;;;;;;;;;;;;;;;;;;;;;;;;;;;;;;;;;;;;;;;;;;;;;;
TextureCoordinateGenerator;TextureCoordinateGenerator;TextureCoordinateGenerator;TextureCoordinateGenerator;TextureCoordinateGenerator;TextureCoordinateGenerator;TextureCoordinateGenerator;TextureCoordinateGenerator;;;;;;;;;;;;;;;;;;;;;;;;;;;;;;;;;;;;;;;;;;;;;;;;;;;;;;;;;;;;;;;;;;;;;;;;;;;;;;;;;;;;;;;;;;;;
TextureProjector;;TextureProjector;;;;;;;;;;;;;;;;;;;;;;;;;;;;;;;;;;;;;;;;;;;;;;;;;;;;;;;;;;;;;;;;;;;;;;;;;;;;;;;;;;;;;;;;;;;;;;;;;
TextureProjectorParallel;;TextureProjectorParallel;;;;;;;;;;;;;;;;;;;;;;;;;;;;;;;;;;;;;;;;;;;;;;;;;;;;;;;;;;;;;;;;;;;;;;;;;;;;;;;;;;;;;;;;;;;;;;;;;
TextureProperties;TextureProperties;TextureProperties;TextureProperties;TextureProperties;TextureProperties;TextureProperties;TextureProperties;;;;;;;;;;;;;;;;;;;;;;;;;;;;;;;;;;;;;;;;;;;;;;;;;;;;;;;;;;;;;;;;;;;;;;;;;;;;;;;;;;;;;;;;;;;;
TextureTransform;TextureTransform;TextureTransform;TextureTransform;TextureTransform;TextureTransform;TextureTransform;TextureTransform;;;;;;;;;;;;;;;;;;;;;;;;;;;;;;;;;;;;;;;;;;;;;;;;;;;;;;;;;;;;;;;;;;;;;;;;;;;;;;;;;;;;;;;;;;;;
TextureTransform3D;TextureTransform3D;TextureTransform3D;TextureTransform3D;TextureTransform3D;TextureTransform3D;TextureTransform3D;TextureTransform3D;;;;;;;;;;;;;;;;;;;;;;;;;;;;;;;;;;;;;;;;;;;;;;;;;;;;;;;;;;;;;;;;;;;;;;;;;;;;;;;;;;;;;;;;;;;;
TextureTransformMatrix3D;TextureTransformMatrix3D;TextureTransformMatrix3D;TextureTransformMatrix3D;TextureTransformMatrix3D;TextureTransformMatrix3D;;TextureTransformMatrix3D;;;;;;;;;;;;;;;;;;;;;;;;;;;;;;;;;;;;;;;;;;;;;;;;;;;;;;;;;;;;;;;;;;;;;;;;;;;;;;;;;;;;;;;;;;;;
TimeSensor;TimeSensor;TimeSensor;TimeSensor;TimeSensor;TimeSensor;TimeSensor;TimeSensor;;;;;;;;;;;;;;;;;;;;;;;;;;;;;;;;;;;;;;;;;;;;;;;;;;;;;;;;;;;;;;;;;;;;;;;;;;;;;;;;;;;;;;;;;;;;
TimeTrigger;TimeTrigger;TimeTrigger;TimeTrigger;TimeTrigger;TimeTrigger;TimeTrigger;TimeTrigger;;;;;;;;;;;;;;;;;;;;;;;;;;;;;;;;;;;;;;;;;;;;;;;;;;;;;;;;;;;;;;;;;;;;;;;;;;;;;;;;;;;;;;;;;;;;
ToneMappedVolumeStyle;ToneMappedVolumeStyle;ToneMappedVolumeStyle;;ToneMappedVolumeStyle;;;ToneMappedVolumeStyle;;;;;;;;;;;;;;;;;;;;;;;;;;;;;;;;;;;;;;;;;;;;;;;;;;;;;;;;;;;;;;;;;;;;;;;;;;;;;;;;;;;;;;;;;;;;
TouchSensor;TouchSensor;TouchSensor;TouchSensor;TouchSensor;TouchSensor;TouchSensor;TouchSensor;;;;;;;;;;;;;;;;;;;;;;;;;;;;;;;;;;;;;;;;;;;;;;;;;;;;;;;;;;;;;;;;;;;;;;;;;;;;;;;;;;;;;;;;;;;;
Transform;Transform;Transform;Transform;Transform;Transform;Transform;Transform;;;;;;;;;;;;;;;;;;;;;;;;;;;;;;;;;;;;;;;;;;;;;;;;;;;;;;;;;;;;;;;;;;;;;;;;;;;;;;;;;;;;;;;;;;;;
TransformSensor;TransformSensor;TransformSensor;;;TransformSensor;;;;;;;;;;;;;;;;;;;;;;;;;;;;;;;;;;;;;;;;;;;;;;;;;;;;;;;;;;;;;;;;;;;;;;;;;;;;;;;;;;;;;;;;;;;;;;
TransmitterPdu;;TransmitterPdu;;;;;TransmitterPdu;;;;;;;;;;;;;;;;;;;;;;;;;;;;;;;;;;;;;;;;;;;;;;;;;;;;;;;;;;;;;;;;;;;;;;;;;;;;;;;;;;;;;;;;;;;;
TriangleFanSet;TriangleFanSet;TriangleFanSet;TriangleFanSet;;TriangleFanSet;TriangleFanSet;TriangleFanSet;;;;;;;;;;;;;;;;;;;;;;;;;;;;;;;;;;;;;;;;;;;;;;;;;;;;;;;;;;;;;;;;;;;;;;;;;;;;;;;;;;;;;;;;;;;;
TriangleSet;TriangleSet;TriangleSet;TriangleSet;TriangleSet;TriangleSet;TriangleSet;TriangleSet;;;;;;;;;;;;;;;;;;;;;;;;;;;;;;;;;;;;;;;;;;;;;;;;;;;;;;;;;;;;;;;;;;;;;;;;;;;;;;;;;;;;;;;;;;;;
TriangleSet2D;TriangleSet2D;TriangleSet2D;;TriangleSet2D;TriangleSet2D;TriangleSet2D;TriangleSet2D;;;;;;;;;;;;;;;;;;;;;;;;;;;;;;;;;;;;;;;;;;;;;;;;;;;;;;;;;;;;;;;;;;;;;;;;;;;;;;;;;;;;;;;;;;;;
TriangleStripSet;TriangleStripSet;TriangleStripSet;TriangleStripSet;;TriangleStripSet;TriangleStripSet;TriangleStripSet;;;;;;;;;;;;;;;;;;;;;;;;;;;;;;;;;;;;;;;;;;;;;;;;;;;;;;;;;;;;;;;;;;;;;;;;;;;;;;;;;;;;;;;;;;;;
TwoSidedMaterial;TwoSidedMaterial;TwoSidedMaterial;;TwoSidedMaterial;TwoSidedMaterial;TwoSidedMaterial;TwoSidedMaterial;;;;;;;;;;;;;;;;;;;;;;;;;;;;;;;;;;;;;;;;;;;;;;;;;;;;;;;;;;;;;;;;;;;;;;;;;;;;;;;;;;;;;;;;;;;;
UNIT;UNIT;UNIT;UNIT;* missing, suggested for HTML5;* missing, suggested for HTML5;* missing, suggested for HTML5;unit;;;;;;;;;;;;;;;;;;;;;;;;;;;;;;;;;;;;;;;;;;;;;;;;;;;;;;;;;;;;;;;;;;;;;;;;;;;;;;;;;;;;;;;;;;;;
UniversalJoint;;UniversalJoint;;UniversalJoint;;UniversalJoint;UniversalJoint;;;;;;;;;;;;;;;;;;;;;;;;;;;;;;;;;;;;;;;;;;;;;;;;;;;;;;;;;;;;;;;;;;;;;;;;;;;;;;;;;;;;;;;;;;;;
UnlitMaterial;UnlitMaterial;UnlitMaterial;;;;;;;;;;;;;;;;;;;;;;;;;;;;;;;;;;;;;;;;;;;;;;;;;;;;;;;;;;;;;;;;;;;;;;;;;;;;;;;;;;;;;;;;;;;;;;;;;
Viewpoint;Viewpoint;Viewpoint;Viewpoint;Viewpoint;Viewpoint;Viewpoint;Viewpoint;;;;;;;;;;;;;;;;;;;;;;;;;;;;;;;;;;;;;;;;;;;;;;;;;;;;;;;;;;;;;;;;;;;;;;;;;;;;;;;;;;;;;;;;;;;;
ViewpointGroup;ViewpointGroup;ViewpointGroup;ViewpointGroup;* missing, suggested for HTML5;ViewpointGroup;* missing, suggested for HTML5;ViewpointGroup;;;;;;;;;;;;;;;;;;;;;;;;;;;;;;;;;;;;;;;;;;;;;;;;;;;;;;;;;;;;;;;;;;;;;;;;;;;;;;;;;;;;;;;;;;;;
Viewport;Viewport;Viewport;;;Viewport;;;;;;;;;;;;;;;;;;;;;;;;;;;;;;;;;;;;;;;;;;;;;;;;;;;;;;;;;;;;;;;;;;;;;;;;;;;;;;;;;;;;;;;;;;;;;;
VisibilitySensor;VisibilitySensor;VisibilitySensor;VisibilitySensor;;VisibilitySensor;VisibilitySensor;VisibilitySensor;;;;;;;;;;;;;;;;;;;;;;;;;;;;;;;;;;;;;;;;;;;;;;;;;;;;;;;;;;;;;;;;;;;;;;;;;;;;;;;;;;;;;;;;;;;;
VolumeData;VolumeData;VolumeData;;VolumeData;;;VolumeData;;;;;;;;;;;;;;;;;;;;;;;;;;;;;;;;;;;;;;;;;;;;;;;;;;;;;;;;;;;;;;;;;;;;;;;;;;;;;;;;;;;;;;;;;;;;
VolumeEmitter;VolumeEmitter;VolumeEmitter;;;;;;;;;;;;;;;;;;;;;;;;;;;;;;;;;;;;;;;;;;;;;;;;;;;;;;;;;;;;;;;;;;;;;;;;;;;;;;;;;;;;;;;;;;;;;;;;;
VolumePickSensor;VolumePickSensor;VolumePickSensor;;;;;;;;;;;;;;;;;;;;;;;;;;;;;;;;;;;;;;;;;;;;;;;;;;;;;;;;;;;;;;;;;;;;;;;;;;;;;;;;;;;;;;;;;;;;;;;;;
WindPhysicsModel;WindPhysicsModel;WindPhysicsModel;;;;WindPhysicsModel;;;;;;;;;;;;;;;;;;;;;;;;;;;;;;;;;;;;;;;;;;;;;;;;;;;;;;;;;;;;;;;;;;;;;;;;;;;;;;;;;;;;;;;;;;;;;
WorldInfo;WorldInfo;WorldInfo;WorldInfo;WorldInfo;WorldInfo;WorldInfo;WorldInfo;;;;;;;;;;;;;;;;;;;;;;;;;;;;;;;;;;;;;;;;;;;;;;;;;;;;;;;;;;;;;;;;;;;;;;;;;;;;;;;;;;;;;;;;;;;;
X3D;X3D;X3D;X3D;X3D;X3D;X3D;X3D;;;;;;;;;;;;;;;;;;;;;;;;;;;;;;;;;;;;;;;;;;;;;;;;;;;;;;;;;;;;;;;;;;;;;;;;;;;;;;;;;;;;;;;;;;;;
;;;;;;;;;;;;;;;;;;;;;;;;;;;;;;;;;;;;;;;;;;;;;;;;;;;;;;;;;;;;;;;;;;;;;;;;;;;;;;;;;;;;;;;;;;;;;;;;;;;
Supported nodes and statements:;87 %;92 %;52 %;62 %;71 %;62 %;80 %;;;;;;;;;;;;;;;;;;;;;;;;;;;;;;;;;;;;;;;;;;;;;;;;;;;;;;;;;;;;;;;;;;;;;;;;;;;;;;;;;;;;;;;;;;;;
276;241;255;144;171;197;172;220;;;;;;;;;;;;;;;;;;;;;;;;;;;;;;;;;;;;;;;;;;;;;;;;;;;;;;;;;;;;;;;;;;;;;;;;;;;;;;;;;;;;;;;;;;;;
Unimplemented nodes and statements:;;;;;;;;;;;;;;;;;;;;;;;;;;;;;;;;;;;;;;;;;;;;;;;;;;;;;;;;;;;;;;;;;;;;;;;;;;;;;;;;;;;;;;;;;;;;;;;;;;;
0;35;21;132;105;79;104;56;;;;;;;;;;;;;;;;;;;;;;;;;;;;;;;;;;;;;;;;;;;;;;;;;;;;;;;;;;;;;;;;;;;;;;;;;;;;;;;;;;;;;;;;;;;;
References;;;;;;;;;;;;;;;;;;;;;;;;;;;;;;;;;;;;;;;;;;;;;;;;;;;;;;;;;;;;;;;;;;;;;;;;;;;;;;;;;;;;;;;;;;;;;;;;;;;
X3D v4.0 Architecture Draft Specification;X_ITE supported node list;FreeWRL supported node list;Castle Game Engine documentation;X3DOM supported node list;InstantReality;Xj3D SourceForge;X3D-Edit 4.0 Authoring Tool ;;;;;;;;;;;;;;;;;;;;;;;;;;;;;;;;;;;;;;;;;;;;;;;;;;;;;;;;;;;;;;;;;;;;;;;;;;;;;;;;;;;;;;;;;;;;
;;;;X3DOM Node Types list;;;;;;;;;;;;;;;;;;;;;;;;;;;;;;;;;;;;;;;;;;;;;;;;;;;;;;;;;;;;;;;;;;;;;;;;;;;;;;;;;;;;;;;;;;;;;;;
HTML5 support goals;;;;;;;;;;;;;;;;;;;;;;;;;;;;;;;;;;;;;;;;;;;;;;;;;;;;;;;;;;;;;;;;;;;;;;;;;;;;;;;;;;;;;;;;;;;;;;;;;;;
* required for X3D Immersive Profile;includes all Immersive Profile nodes;includes all Immersive Profile nodes;includes all Immersive Profile nodes;12;2;2;includes all Immersive Profile nodes;;;;;;;;;;;;;;;;;;;;;;;;;;;;;;;;;;;;;;;;;;;;;;;;;;;;;;;;;;;;;;;;;;;;;;;;;;;;;;;;;;;;;;;;;;;;
* suggested for HTML5 support;0;0;14;13;2;5;includes all suggested HTML5 nodes;;;;;;;;;;;;;;;;;;;;;;;;;;;;;;;;;;;;;;;;;;;;;;;;;;;;;;;;;;;;;;;;;;;;;;;;;;;;;;;;;;;;;;;;;;;;
* priority nodes and statements missing:;0;0;14;25;4;7;0;;;;;;;;;;;;;;;;;;;;;;;;;;;;;;;;;;;;;;;;;;;;;;;;;;;;;;;;;;;;;;;;;;;;;;;;;;;;;;;;;;;;;;;;;;;;
